INSERT INTO CLASS VALUES (1, 178);
INSERT INTO CLASS VALUES (2, 280);

INSERT INTO STATION VALUES ('BVI', 'BORIVALI', 'STATION');
INSERT INTO STATION VALUES ('CSMT', 'MUMBAI CSMT', 'TERMINUS');
INSERT INTO STATION VALUES ('DR', 'DADAR (CENTRAL)', 'STATION');
INSERT INTO STATION VALUES ('DDR', 'DADAR(WESTERN)', 'STATION');
INSERT INTO STATION VALUES ('ADH', 'ANDHERI', 'STATION');
INSERT INTO STATION VALUES ('TNA', 'THANE', 'STATION');
INSERT INTO STATION VALUES ('RN', 'RATNAGIRI', 'STATION');
INSERT INTO STATION VALUES ('PUNE', 'PUNE JUNCTION', 'JUNCTION');
INSERT INTO STATION VALUES ('BSL', 'BHUSAVAL JUNCTION', 'JUNCTION');
INSERT INTO STATION VALUES ('NK', 'NASHIK', 'STATION');
INSERT INTO STATION VALUES ('AGC', 'AGRA CANTT', 'STATION');
INSERT INTO STATION VALUES ('BDTS', 'BANDRA TERMINUS', 'TERMINUS');
INSERT INTO STATION VALUES ('LTT', 'LOKMANYA TILAK TERMINUS', 'TERMINUS');
INSERT INTO STATION VALUES ('MMCT', 'MUMBAI CENTRAL', 'CENTRAL');
INSERT INTO STATION VALUES ('CNB', 'KANPUR CENTRAL', 'CENTRAL');
INSERT INTO STATION VALUES ('BNC', 'BANGLORE CANTT', 'STATION');
INSERT INTO STATION VALUES ('NDLS', 'NEW DELHI', 'STATION');
INSERT INTO STATION VALUES ('RAJP', 'RAJAPUR', 'STATION');
INSERT INTO STATION VALUES ('ST', 'SURAT', 'STATION');
INSERT INTO STATION VALUES ('KKW', 'KANKAVALI', 'STATION');
INSERT INTO STATION VALUES ('SUR', 'SOLAPUR', 'JUNCTION');
INSERT INTO STATION VALUES ('KOP', 'CSMT KOLHAPUR', 'TERMINUS');
INSERT INTO STATION VALUES ('SNDD', 'SINDHUDURG', 'STATION');
INSERT INTO STATION VALUES ('SGR', 'SANGAMESHWAR ROAD', 'STATION');
INSERT INTO STATION VALUES ('DIVA', 'DIVA JUNCTION', 'JUNCTION');
INSERT INTO STATION VALUES ('SWV', 'SAWANTWADI ROAD', 'STATION');
INSERT INTO STATION VALUES ('NED', 'HAZUR SAHIB NANDED', 'STATION');
INSERT INTO STATION VALUES ('NZM', 'HAZRAT NIZAMUDDIN', 'TERNINUS');


INSERT INTO TRAIN VALUES (10111, 'KONKAN KANYA EXPRESS', 'MUMBAI CSMT', 'MADGAON', 22);
INSERT INTO TRAIN VALUES (10103, 'MANDOVI EXPRESS', 'MUMBAI CSMT', 'MADGAON', 22);
INSERT INTO TRAIN VALUES (01241, 'LTT GKP FEST SPECIAL', 'LTT', 'GKP', 18);
INSERT INTO TRAIN VALUES (12137, 'PUNJAB MAIL', 'MUMBAI CSMT', 'FIROZPUR CANTT', 19 );
INSERT INTO TRAIN VALUES (17411, 'MAHALAXMI EXPRESS', 'MUMBAI CSMT', 'CSMT KOLHAPUR', 23);
INSERT INTO TRAIN VALUES (22119, 'TEJAS EXPRESS', 'MUMBAI CSMT', 'KARMALI', 15);
INSERT INTO TRAIN VALUES (22159, 'CHENNAI EXPRESS', 'MUMBAI CSMT', 'CHENNAI', 19);
INSERT INTO TRAIN VALUES (22177, 'MAHANAGRI EXPRESS', 'MUMBAI CSMT', 'VARANASI', 24);
INSERT INTO TRAIN VALUES (50103, 'DIVA RATNAGIRI PASS', 'DIVA JUNCTION', 'RATNAGIRI', 24);
INSERT INTO TRAIN VALUES (11007, 'DECCAN EXPRESS', 'MUMBAI CSMT', 'PUNE JUNCTION', 17);
INSERT INTO TRAIN VALUES (11010, 'SINHAGAD EXPRESS', 'PUNE JUNCTION', 'MUMBAI CSMT', 18);
INSERT INTO TRAIN VALUES (11003, 'TUTARI EXPRESS', 'DADAR', 'SAWANTWADI ROAD', 15);
INSERT INTO TRAIN VALUES (11020, 'KONARK EXPRESS', 'BHUBANESHWAR', 'MUMBAI CSMT', 23);
INSERT INTO TRAIN VALUES (12289, 'NGP DURONTO EXPRESS', 'MUMBAI CSMT', 'NAGPUR', 23);
INSERT INTO TRAIN VALUES (22221, 'NZM RAJDHANI EXPRESS', 'MUMBAI CSMT', 'HAZRAT NIZAMUDDIN', 24);
INSERT INTO TRAIN VALUES (22209, 'NDLS DURONTO EXPRESS', 'MUMBAI CENTRAL', 'NEW DELHI', 23);
INSERT INTO TRAIN VALUES (22927, 'LOKSHAKTI EXPRESS', 'BANDRA TERMINUS', 'AHMEDABAD JUNCTION', 23);

INSERT INTO TICKET VALUES (245940, 2317, 0634, 'ADULT');
INSERT INTO TICKET VALUES (245941, 2317, 0634, 'ADULT'); 
INSERT INTO TICKET VALUES (242345, 1740, 0855, 'ADULT');
INSERT INTO TICKET VALUES (243454, 2317, 0634, 'ADULT');
INSERT INTO TICKET VALUES (297964, 2317, 0634, 'ADULT');
INSERT INTO TICKET VALUES (282354, 2150, 1050, 'CHILD');
INSERT INTO TICKET VALUES (284567, 2150, 1050, 'CHILD');
INSERT INTO TICKET VALUES (285675, 2150, 1050, 'CHILD');
INSERT INTO TICKET VALUES (284950, 2150, 1050, 'CHILD');
INSERT INTO TICKET VALUES (284356, 2150, 1050, 'CHILD');
INSERT INTO TICKET VALUES (286767, 1530, 1245, 'SENIOR');
INSERT INTO TICKET VALUES (281234, 1530, 1245, 'SENIOR');
INSERT INTO TICKET VALUES (283454, 1530, 1245, 'SENIOR');

INSERT INTO PASSENGER VALUES ('82582600' ,'Vinayak','Surve', 40, 'M', '9809686976', 'CONFIRM', 10111, 1);
INSERT INTO PASSENGER VALUES ('37160615' ,'Tejas','Tawde', 50, 'M', '8964678675', 'WAITING', 10111, 1);
INSERT INTO PASSENGER VALUES ('58267669' ,'Yash','Kathe', 18, 'M', '9876578676', 'CONFIRM', 10103, 2);
INSERT INTO PASSENGER VALUES ('92736783' ,'Kaushik','Nalavde', 69, 'M', '8798565676', 'CONFIRM', 50103, 2);
INSERT INTO PASSENGER VALUES ('83746523' ,'Chirag','Kundre', 30, 'M', '8976565467', 'CONFIRM', 11003, 2);
INSERT INTO PASSENGER VALUES ('73926825' ,'Trijal','Prajapati', 15, 'F', '9087567654', 'WAITING',11020,1);
INSERT INTO PASSENGER VALUES ('97868567' ,'Vaishnavi','Puthran', 10, 'F', '9845764356', 'CONFIRM',10111,2);
INSERT INTO PASSENGER VALUES ('73846738' ,'Sanika','Gawas', 30, 'F', '8976875643', 'CONFIRM',10111,1);
INSERT INTO PASSENGER VALUES ('45636464' ,'Sheru','Kunder', 29, 'F', '8976889756', 'WAITING',11007,1);
INSERT INTO PASSENGER VALUES ('49283743' ,'Ramani','Desai', 19, 'F', '9076564556', 'CONFIRM',22159,1);
INSERT INTO PASSENGER VALUES ('34536787' ,'Manish','Ghosh', 56, 'M', '9087898767', 'CONFIRM',22119,2);
INSERT INTO PASSENGER VALUES ('13575776' ,'Monish','DCosta', 66, 'M', '8976764543', 'WAITING',11003,2);
INSERT INTO PASSENGER VALUES ('12341256' ,'Manav','Dhruve', 56, 'M', '9856765456', 'CONFIRM',22119,2);
INSERT INTO PASSENGER VALUES ('73934793' ,'Anant','Shukla', 87, 'M', '9212125683', 'RAC',01241,2);
INSERT INTO PASSENGER VALUES ('10283745' ,'Maddy','Kunder', 54, 'M', '9867132453', 'RAC',17411,2);


INSERT INTO FARE VALUES (2478, 2300, '82582600');
INSERT INTO FARE VALUES (2454, 2300, '34536787');
INSERT INTO FARE VALUES (2324, 800, '73934793');
INSERT INTO FARE VALUES (3432, 1850, '10283745');
INSERT INTO FARE VALUES (1252, 370, '73846738');
INSERT INTO FARE VALUES (0032, 2000, '97868567');


INSERT INTO BOOKS VALUES ('58267669', 245940);
INSERT INTO BOOKS VALUES ('73846738', 245941);
INSERT INTO BOOKS VALUES ('34536787', 242345);
INSERT INTO BOOKS VALUES ('97868567', 284356);
INSERT INTO BOOKS VALUES ('73926825', 286767);
INSERT INTO BOOKS VALUES ('82582600', 282354);
INSERT INTO BOOKS VALUES ('45636464', 284567);
INSERT INTO BOOKS VALUES ('10283745', 243454);

INSERT INTO STOPS_AT VALUES (12137, 'BSL');
INSERT INTO STOPS_AT VALUES (10103, 'CSMT');
INSERT INTO STOPS_AT VALUES (11003, 'DR');
INSERT INTO STOPS_AT VALUES (50103, 'RN');
INSERT INTO STOPS_AT VALUES (22221, 'NZM');
INSERT INTO STOPS_AT VALUES (11010, 'PUNE');
INSERT INTO STOPS_AT VALUES (10111, 'TNA');
INSERT INTO STOPS_AT VALUES (22927, 'BDTS');